file,entropy,mid_energy,variance,hardness_score,matches_expected
uf20-01.cnf,0.7932,0.0218,0.0017,0.0918,False
uf20-010.cnf,0.7257,0.0193,0.0017,0.1178,False
uf20-0100.cnf,0.7726,0.0194,0.0017,0.099,False
uf20-01000.cnf,0.646,0.0166,0.0017,0.1486,False
uf20-0101.cnf,0.5522,0.0153,0.0018,0.1856,False
uf20-0102.cnf,0.7123,0.0186,0.0017,0.1228,False
uf20-0103.cnf,0.6837,0.0191,0.0017,0.1345,False
uf20-0104.cnf,0.663,0.0166,0.0017,0.1418,False
uf20-0105.cnf,0.6278,0.0165,0.0017,0.1558,False
uf20-0106.cnf,0.6342,0.0148,0.0017,0.1526,False
uf20-0107.cnf,0.679,0.0195,0.0017,0.1365,False
uf20-0108.cnf,0.7274,0.0201,0.0017,0.1174,False
uf20-0109.cnf,0.5918,0.0149,0.0018,0.1696,False
uf20-011.cnf,0.6036,0.0167,0.0017,0.1656,False
uf20-0110.cnf,0.7563,0.0194,0.0017,0.1056,False
uf20-0111.cnf,0.6313,0.0172,0.0017,0.1547,False
uf20-0112.cnf,0.6988,0.0192,0.0017,0.1285,False
uf20-0113.cnf,0.5788,0.0152,0.0018,0.1749,False
uf20-0114.cnf,0.6676,0.0182,0.0017,0.1405,False
uf20-0115.cnf,0.7121,0.0204,0.0017,0.1236,False
uf20-0116.cnf,0.6613,0.0183,0.0017,0.1431,False
uf20-0117.cnf,0.7263,0.0177,0.0017,0.1169,False
uf20-0118.cnf,0.6488,0.0181,0.0017,0.1481,False
uf20-0119.cnf,0.6112,0.0161,0.0017,0.1623,False
uf20-012.cnf,0.8396,0.0227,0.0016,0.0735,True
uf20-0120.cnf,0.6674,0.0165,0.0017,0.14,False
uf20-0121.cnf,0.6509,0.016,0.0017,0.1464,False
uf20-0122.cnf,0.6816,0.0201,0.0017,0.1357,False
uf20-0123.cnf,0.61,0.0165,0.0017,0.163,False
uf20-0124.cnf,0.7855,0.0192,0.0017,0.0938,False
uf20-0125.cnf,0.5994,0.0159,0.0018,0.167,False
uf20-0126.cnf,0.6704,0.018,0.0017,0.1394,False
uf20-0127.cnf,0.6731,0.0179,0.0017,0.1382,False
uf20-0128.cnf,0.6163,0.0178,0.0017,0.1609,False
uf20-0129.cnf,0.6906,0.0183,0.0017,0.1314,False
uf20-013.cnf,0.695,0.0197,0.0017,0.1302,False
uf20-0130.cnf,0.6627,0.0159,0.0017,0.1416,False
uf20-0131.cnf,0.8795,0.0265,0.0016,0.0591,True
uf20-0132.cnf,0.7621,0.0212,0.0017,0.104,False
uf20-0133.cnf,0.6227,0.0155,0.0017,0.1575,False
uf20-0134.cnf,0.7512,0.0202,0.0017,0.1079,False
uf20-0135.cnf,0.5964,0.0164,0.0018,0.1683,False
uf20-0136.cnf,0.7572,0.0206,0.0017,0.1057,False
uf20-0137.cnf,0.6893,0.0177,0.0017,0.1317,False
uf20-0138.cnf,0.5943,0.0167,0.0018,0.1693,False
uf20-0139.cnf,0.8998,0.0214,0.0016,0.049,True
uf20-014.cnf,0.6901,0.0177,0.0017,0.1314,False
uf20-0140.cnf,0.7601,0.0199,0.0017,0.1043,False
uf20-0141.cnf,0.6594,0.0165,0.0017,0.1432,False
uf20-0142.cnf,0.6503,0.0184,0.0017,0.1476,False
uf20-0143.cnf,0.7832,0.0191,0.0017,0.0947,False
uf20-0144.cnf,0.7784,0.0209,0.0017,0.0973,False
uf20-0145.cnf,0.6943,0.0202,0.0017,0.1307,False
uf20-0146.cnf,0.7304,0.0202,0.0017,0.1163,False
uf20-0147.cnf,0.7377,0.0184,0.0017,0.1126,False
uf20-0148.cnf,0.6236,0.017,0.0017,0.1577,False
uf20-0149.cnf,0.8388,0.0216,0.0016,0.0735,True
uf20-015.cnf,0.8247,0.023,0.0017,0.0796,True
uf20-0150.cnf,0.6695,0.0183,0.0017,0.1399,False
uf20-0151.cnf,0.7425,0.0183,0.0017,0.1107,False
uf20-0152.cnf,0.6727,0.0189,0.0017,0.1388,False
uf20-0153.cnf,0.7867,0.021,0.0017,0.0941,False
uf20-0154.cnf,0.6283,0.0167,0.0017,0.1557,False
uf20-0155.cnf,0.6542,0.0178,0.0017,0.1458,False
uf20-0156.cnf,0.7057,0.0198,0.0017,0.126,False
uf20-0157.cnf,0.6675,0.0174,0.0017,0.1403,False
uf20-0158.cnf,0.8456,0.0222,0.0016,0.0709,True
uf20-0159.cnf,0.7175,0.0186,0.0017,0.1208,False
uf20-016.cnf,0.6571,0.0186,0.0017,0.1449,False
uf20-0160.cnf,0.6517,0.0175,0.0017,0.1467,False
uf20-0161.cnf,0.6229,0.0148,0.0017,0.1571,False
uf20-0162.cnf,0.7018,0.0194,0.0017,0.1274,False
uf20-0163.cnf,0.8031,0.023,0.0017,0.0883,True
uf20-0164.cnf,0.732,0.0168,0.0017,0.1143,False
uf20-0165.cnf,0.7476,0.0213,0.0017,0.1098,False
uf20-0166.cnf,0.6528,0.0166,0.0017,0.1458,False
uf20-0167.cnf,0.6597,0.0211,0.0017,0.1449,False
uf20-0168.cnf,0.6057,0.0155,0.0017,0.1643,False
uf20-0169.cnf,0.6783,0.0197,0.0017,0.1369,False
uf20-017.cnf,0.6147,0.018,0.0017,0.1617,False
uf20-0170.cnf,0.5845,0.0154,0.0018,0.1727,False
uf20-0171.cnf,0.818,0.0214,0.0017,0.0817,True
uf20-0172.cnf,0.7494,0.0194,0.0017,0.1083,False
uf20-0173.cnf,0.6532,0.0145,0.0017,0.1449,False
uf20-0174.cnf,0.6205,0.0165,0.0017,0.1588,False
uf20-0175.cnf,0.6094,0.0167,0.0017,0.1632,False
uf20-0176.cnf,0.7085,0.0207,0.0017,0.1252,False
uf20-0177.cnf,0.6445,0.0179,0.0017,0.1497,False
uf20-0178.cnf,0.6833,0.0194,0.0017,0.1348,False
uf20-0179.cnf,0.5883,0.0171,0.0018,0.1719,False
uf20-018.cnf,0.5717,0.0167,0.0018,0.1784,False
uf20-0180.cnf,0.5856,0.015,0.0018,0.1721,False
uf20-0181.cnf,0.6903,0.018,0.0017,0.1314,False
uf20-0182.cnf,0.6097,0.0171,0.0017,0.1633,False
uf20-0183.cnf,0.6652,0.0173,0.0017,0.1412,False
uf20-0184.cnf,0.6351,0.0172,0.0017,0.1532,False
uf20-0185.cnf,0.6763,0.0163,0.0017,0.1363,False
uf20-0186.cnf,0.6458,0.018,0.0017,0.1492,False
uf20-0187.cnf,0.6997,0.0189,0.0017,0.128,False
uf20-0188.cnf,0.73,0.0189,0.0017,0.1159,False
uf20-0189.cnf,0.602,0.0158,0.0018,0.1659,False
uf20-019.cnf,0.6091,0.0168,0.0017,0.1634,False
uf20-0190.cnf,0.7548,0.0197,0.0017,0.1063,False
uf20-0191.cnf,0.678,0.0188,0.0017,0.1366,False
uf20-0192.cnf,0.7635,0.018,0.0017,0.1021,False
uf20-0193.cnf,0.6079,0.0148,0.0017,0.1631,False
uf20-0194.cnf,0.6369,0.0168,0.0017,0.1523,False
uf20-0195.cnf,0.7635,0.0213,0.0017,0.1035,False
uf20-0196.cnf,0.7119,0.0183,0.0017,0.1229,False
uf20-0197.cnf,0.6042,0.0162,0.0018,0.1652,False
uf20-0198.cnf,0.6427,0.0175,0.0017,0.1503,False
uf20-0199.cnf,0.6763,0.0196,0.0017,0.1377,False
uf20-02.cnf,0.6634,0.0181,0.0017,0.1422,False
uf20-020.cnf,0.7536,0.0221,0.0017,0.1077,False
uf20-0200.cnf,0.5806,0.0149,0.0018,0.174,False
uf20-0201.cnf,0.5649,0.0159,0.0018,0.1808,False
uf20-0202.cnf,0.6464,0.0159,0.0017,0.1481,False
uf20-0203.cnf,0.8058,0.0192,0.0017,0.0857,True
uf20-0204.cnf,0.6429,0.0155,0.0017,0.1494,False
uf20-0205.cnf,0.7828,0.0214,0.0017,0.0958,False
uf20-0206.cnf,0.686,0.018,0.0017,0.1331,False
uf20-0207.cnf,0.6573,0.0163,0.0017,0.1439,False
uf20-0208.cnf,0.6665,0.0176,0.0017,0.1408,False
uf20-0209.cnf,0.7398,0.0181,0.0017,0.1117,False
uf20-021.cnf,0.6741,0.0184,0.0017,0.138,False
uf20-0210.cnf,0.7371,0.0195,0.0017,0.1133,False
uf20-0211.cnf,0.6883,0.0176,0.0017,0.1321,False
uf20-0212.cnf,0.6688,0.0167,0.0017,0.1395,False
uf20-0213.cnf,0.6482,0.015,0.0017,0.1471,False
uf20-0214.cnf,0.6108,0.0158,0.0017,0.1624,False
uf20-0215.cnf,0.7766,0.0247,0.0017,0.0996,False
uf20-0216.cnf,0.6853,0.02,0.0017,0.1343,False
uf20-0217.cnf,0.6272,0.0166,0.0017,0.1561,False
uf20-0218.cnf,0.8199,0.0222,0.0017,0.0813,True
uf20-0219.cnf,0.6887,0.0179,0.0017,0.132,False
uf20-022.cnf,0.6846,0.0178,0.0017,0.1336,False
uf20-0220.cnf,0.7553,0.0208,0.0017,0.1065,False
uf20-0221.cnf,0.6817,0.0189,0.0017,0.1352,False
uf20-0222.cnf,0.6566,0.0175,0.0017,0.1447,False
uf20-0223.cnf,0.6587,0.0168,0.0017,0.1436,False
uf20-0224.cnf,0.7716,0.0225,0.0017,0.1007,False
uf20-0225.cnf,0.7169,0.0205,0.0017,0.1218,False
uf20-0226.cnf,0.7463,0.0202,0.0017,0.1099,False
uf20-0227.cnf,0.7173,0.0189,0.0017,0.121,False
uf20-0228.cnf,0.6015,0.0156,0.0018,0.166,False
uf20-0229.cnf,0.6185,0.0161,0.0017,0.1594,False
uf20-023.cnf,0.6873,0.0181,0.0017,0.1327,False
uf20-0230.cnf,0.578,0.0148,0.0018,0.1751,False
uf20-0231.cnf,0.5206,0.0125,0.0018,0.1971,False
uf20-0232.cnf,0.6486,0.0182,0.0017,0.1482,False
uf20-0233.cnf,0.6748,0.0182,0.0017,0.1377,False
uf20-0234.cnf,0.6361,0.0171,0.0017,0.1528,False
uf20-0235.cnf,0.7837,0.0234,0.0017,0.0962,False
uf20-0236.cnf,0.5277,0.013,0.0018,0.1945,False
uf20-0237.cnf,0.6394,0.0168,0.0017,0.1513,False
uf20-0238.cnf,0.7708,0.0194,0.0017,0.0998,False
uf20-0239.cnf,0.7388,0.0204,0.0017,0.113,False
uf20-024.cnf,0.6734,0.0189,0.0017,0.1386,False
uf20-0240.cnf,0.6472,0.0181,0.0017,0.1487,False
uf20-0241.cnf,0.6387,0.0167,0.0017,0.1516,False
uf20-0242.cnf,0.6965,0.0177,0.0017,0.1288,False
uf20-0243.cnf,0.6151,0.0169,0.0017,0.1611,False
uf20-0244.cnf,0.7808,0.0212,0.0017,0.0965,False
uf20-0245.cnf,0.647,0.0163,0.0017,0.1481,False
uf20-0246.cnf,0.7326,0.0198,0.0017,0.1152,False
uf20-0247.cnf,0.5597,0.0152,0.0018,0.1826,False
uf20-0248.cnf,0.7941,0.0219,0.0017,0.0915,False
uf20-0249.cnf,0.7617,0.0211,0.0017,0.1041,False
uf20-025.cnf,0.751,0.0193,0.0017,0.1077,False
uf20-0250.cnf,0.6873,0.0182,0.0017,0.1327,False
uf20-0251.cnf,0.7197,0.0182,0.0017,0.1197,False
uf20-0252.cnf,0.7202,0.0182,0.0017,0.1195,False
uf20-0253.cnf,0.6283,0.0173,0.0017,0.1559,False
uf20-0254.cnf,0.6353,0.0184,0.0017,0.1536,False
uf20-0255.cnf,0.5932,0.015,0.0018,0.1691,False
uf20-0256.cnf,0.7339,0.0196,0.0017,0.1146,False
uf20-0257.cnf,0.7653,0.021,0.0017,0.1026,False
uf20-0258.cnf,0.7454,0.0195,0.0017,0.11,False
uf20-0259.cnf,0.7454,0.0206,0.0017,0.1105,False
uf20-026.cnf,0.6397,0.0177,0.0017,0.1515,False
uf20-0260.cnf,0.7345,0.0195,0.0017,0.1143,False
uf20-0261.cnf,0.5877,0.0156,0.0018,0.1715,False
uf20-0262.cnf,0.6672,0.0181,0.0017,0.1407,False
uf20-0263.cnf,0.7813,0.0222,0.0017,0.0967,False
uf20-0264.cnf,0.6692,0.0176,0.0017,0.1397,False
uf20-0265.cnf,0.8971,0.0265,0.0016,0.0521,True
uf20-0266.cnf,0.6035,0.0169,0.0018,0.1657,False
uf20-0267.cnf,0.64,0.0152,0.0017,0.1504,False
uf20-0268.cnf,0.6269,0.0164,0.0017,0.1561,False
uf20-0269.cnf,0.8522,0.0244,0.0016,0.0692,True
uf20-027.cnf,0.7134,0.0181,0.0017,0.1222,False
uf20-0270.cnf,0.6394,0.016,0.0017,0.151,False
uf20-0271.cnf,0.6678,0.0194,0.0017,0.141,False
uf20-0272.cnf,0.6939,0.016,0.0017,0.1292,False
uf20-0273.cnf,0.6226,0.0171,0.0017,0.1582,False
uf20-0274.cnf,0.7945,0.0211,0.0017,0.091,False
uf20-0275.cnf,0.8533,0.0231,0.0016,0.0683,True
uf20-0276.cnf,0.7424,0.0192,0.0017,0.111,False
uf20-0277.cnf,0.6429,0.0182,0.0017,0.1505,False
uf20-0278.cnf,0.6785,0.0183,0.0017,0.1362,False
uf20-0279.cnf,0.5531,0.0135,0.0018,0.1845,False
uf20-028.cnf,0.7402,0.0215,0.0017,0.1129,False
uf20-0280.cnf,0.7086,0.019,0.0017,0.1245,False
uf20-0281.cnf,0.7309,0.019,0.0017,0.1156,False
uf20-0282.cnf,0.6323,0.0181,0.0017,0.1547,False
uf20-0283.cnf,0.7992,0.0218,0.0017,0.0894,False
uf20-0284.cnf,0.6234,0.0162,0.0017,0.1575,False
uf20-0285.cnf,0.6666,0.0176,0.0017,0.1408,False
uf20-0286.cnf,0.6382,0.014,0.0017,0.1507,False
uf20-0287.cnf,0.6974,0.0188,0.0017,0.1289,False
uf20-0288.cnf,0.5621,0.0138,0.0018,0.181,False
uf20-0289.cnf,0.684,0.019,0.0017,0.1344,False
uf20-029.cnf,0.5981,0.0159,0.0018,0.1675,False
uf20-0290.cnf,0.6357,0.0185,0.0017,0.1535,False
uf20-0291.cnf,0.6452,0.0176,0.0017,0.1493,False
uf20-0292.cnf,0.6711,0.0165,0.0017,0.1385,False
uf20-0293.cnf,0.7787,0.0231,0.0017,0.0981,False
uf20-0294.cnf,0.6827,0.0174,0.0017,0.1342,False
uf20-0295.cnf,0.6468,0.0174,0.0017,0.1486,False
uf20-0296.cnf,0.6478,0.0148,0.0017,0.1471,False
uf20-0297.cnf,0.6959,0.0198,0.0017,0.1299,False
uf20-0298.cnf,0.6808,0.0191,0.0017,0.1357,False
uf20-0299.cnf,0.6185,0.0163,0.0017,0.1595,False
uf20-03.cnf,0.6985,0.0188,0.0017,0.1285,False
uf20-030.cnf,0.7446,0.0184,0.0017,0.1099,False
uf20-0300.cnf,0.7797,0.0212,0.0017,0.097,False
uf20-0301.cnf,0.5848,0.0166,0.0018,0.1731,False
uf20-0302.cnf,0.6414,0.0176,0.0017,0.1508,False
uf20-0303.cnf,0.6472,0.0191,0.0017,0.1491,False
uf20-0304.cnf,0.627,0.0149,0.0017,0.1555,False
uf20-0305.cnf,0.7083,0.0201,0.0017,0.125,False
uf20-0306.cnf,0.6855,0.0182,0.0017,0.1334,False
uf20-0307.cnf,0.6712,0.0177,0.0017,0.1389,False
uf20-0308.cnf,0.6318,0.0158,0.0017,0.154,False
uf20-0309.cnf,0.854,0.0223,0.0016,0.0677,True
uf20-031.cnf,0.7258,0.02,0.0017,0.118,False
uf20-0310.cnf,0.5772,0.0143,0.0018,0.1752,False
uf20-0311.cnf,0.6662,0.0178,0.0017,0.141,False
uf20-0312.cnf,0.5967,0.0158,0.0018,0.168,False
uf20-0313.cnf,0.7004,0.0183,0.0017,0.1275,False
uf20-0314.cnf,0.7113,0.0197,0.0017,0.1237,False
uf20-0315.cnf,0.6467,0.0156,0.0017,0.1479,False
uf20-0316.cnf,0.733,0.018,0.0017,0.1144,False
uf20-0317.cnf,0.6443,0.0179,0.0017,0.1498,False
uf20-0318.cnf,0.6737,0.0181,0.0017,0.1381,False
uf20-0319.cnf,0.6871,0.0178,0.0017,0.1326,False
uf20-032.cnf,0.6301,0.0163,0.0017,0.1548,False
uf20-0320.cnf,0.6579,0.0161,0.0017,0.1436,False
uf20-0321.cnf,0.7708,0.0226,0.0017,0.1011,False
uf20-0322.cnf,0.572,0.0151,0.0018,0.1776,False
uf20-0323.cnf,0.7061,0.0171,0.0017,0.1247,False
uf20-0324.cnf,0.6178,0.0177,0.0017,0.1603,False
uf20-0325.cnf,0.682,0.0193,0.0017,0.1352,False
uf20-0326.cnf,0.5443,0.0133,0.0018,0.1879,False
uf20-0327.cnf,0.6688,0.0169,0.0017,0.1396,False
uf20-0328.cnf,0.5483,0.0134,0.0018,0.1864,False
uf20-0329.cnf,0.6263,0.0158,0.0017,0.1561,False
uf20-033.cnf,0.635,0.0176,0.0017,0.1534,False
uf20-0330.cnf,0.6606,0.0179,0.0017,0.1433,False
uf20-0331.cnf,0.6739,0.019,0.0017,0.1384,False
uf20-0332.cnf,0.5686,0.0153,0.0018,0.179,False
uf20-0333.cnf,0.7326,0.0196,0.0017,0.1151,False
uf20-0334.cnf,0.6875,0.0177,0.0017,0.1324,False
uf20-0335.cnf,0.6492,0.0163,0.0017,0.1472,False
uf20-0336.cnf,0.8004,0.0213,0.0017,0.0887,True
uf20-0337.cnf,0.7325,0.0195,0.0017,0.1152,False
uf20-0338.cnf,0.7283,0.0183,0.0017,0.1163,False
uf20-0339.cnf,0.7747,0.0206,0.0017,0.0987,False
uf20-034.cnf,0.6834,0.0164,0.0017,0.1335,False
uf20-0340.cnf,0.6799,0.0199,0.0017,0.1364,False
uf20-0341.cnf,0.9477,0.0263,0.0016,0.0318,True
uf20-0342.cnf,0.6682,0.0171,0.0017,0.1399,False
uf20-0343.cnf,0.6775,0.0174,0.0017,0.1363,False
uf20-0344.cnf,0.5625,0.0155,0.0018,0.1816,False
uf20-0345.cnf,0.6762,0.021,0.0017,0.1383,False
uf20-0346.cnf,0.6702,0.0165,0.0017,0.1389,False
uf20-0347.cnf,0.6461,0.0158,0.0017,0.1482,False
uf20-0348.cnf,0.6516,0.0165,0.0017,0.1463,False
uf20-0349.cnf,0.804,0.0194,0.0017,0.0865,True
uf20-035.cnf,0.6902,0.0192,0.0017,0.132,False
uf20-0350.cnf,0.6447,0.0163,0.0017,0.149,False
uf20-0351.cnf,0.6916,0.0199,0.0017,0.1317,False
uf20-0352.cnf,0.6699,0.0169,0.0017,0.1391,False
uf20-0353.cnf,0.5333,0.0135,0.0018,0.1924,False
uf20-0354.cnf,0.7075,0.0184,0.0017,0.1247,False
uf20-0355.cnf,0.7493,0.0203,0.0017,0.1087,False
uf20-0356.cnf,0.5198,0.0135,0.0018,0.1978,False
uf20-0357.cnf,0.7109,0.0189,0.0017,0.1235,False
uf20-0358.cnf,0.6859,0.0185,0.0017,0.1334,False
uf20-0359.cnf,0.6243,0.0178,0.0017,0.1577,False
uf20-036.cnf,0.6546,0.0159,0.0017,0.1448,False
uf20-0360.cnf,0.8979,0.0241,0.0016,0.0508,True
uf20-0361.cnf,0.7663,0.023,0.0017,0.103,False
uf20-0362.cnf,0.6732,0.0176,0.0017,0.1381,False
uf20-0363.cnf,0.6621,0.016,0.0017,0.1419,False
uf20-0364.cnf,0.7021,0.0204,0.0017,0.1277,False
uf20-0365.cnf,0.7408,0.0214,0.0017,0.1126,False
uf20-0366.cnf,0.6026,0.0151,0.0017,0.1653,False
uf20-0367.cnf,0.7088,0.0181,0.0017,0.1241,False
uf20-0368.cnf,0.6821,0.0164,0.0017,0.1341,False
uf20-0369.cnf,0.6412,0.018,0.0017,0.151,False
uf20-037.cnf,0.689,0.0186,0.0017,0.1322,False
uf20-0370.cnf,0.6912,0.0182,0.0017,0.1311,False
uf20-0371.cnf,0.6657,0.0175,0.0017,0.1411,False
uf20-0372.cnf,0.7766,0.0195,0.0017,0.0975,False
uf20-0373.cnf,0.7751,0.0205,0.0017,0.0985,False
uf20-0374.cnf,0.6418,0.0167,0.0017,0.1503,False
uf20-0375.cnf,0.7613,0.0206,0.0017,0.1041,False
uf20-0376.cnf,0.5897,0.0163,0.0018,0.171,False
uf20-0377.cnf,0.5427,0.0142,0.0018,0.189,False
uf20-0378.cnf,0.6626,0.0183,0.0017,0.1426,False
uf20-0379.cnf,0.7304,0.02,0.0017,0.1162,False
uf20-038.cnf,0.6436,0.0165,0.0017,0.1495,False
uf20-0380.cnf,0.7097,0.0186,0.0017,0.1239,False
uf20-0381.cnf,0.8003,0.0216,0.0017,0.0888,True
uf20-0382.cnf,0.6891,0.0189,0.0017,0.1322,False
uf20-0383.cnf,0.645,0.0157,0.0017,0.1487,False
uf20-0384.cnf,0.7244,0.0212,0.0017,0.119,False
uf20-0385.cnf,0.7832,0.0213,0.0017,0.0956,False
uf20-0386.cnf,0.6742,0.0199,0.0017,0.1386,False
uf20-0387.cnf,0.8131,0.0239,0.0017,0.0846,True
uf20-0388.cnf,0.6525,0.0176,0.0017,0.1464,False
uf20-0389.cnf,0.6705,0.0179,0.0017,0.1393,False
uf20-039.cnf,0.8033,0.0216,0.0017,0.0877,True
uf20-0390.cnf,0.5613,0.0157,0.0018,0.1821,False
uf20-0391.cnf,0.8047,0.0216,0.0017,0.0871,True
uf20-0392.cnf,0.7492,0.021,0.0017,0.1091,False
uf20-0393.cnf,0.703,0.0182,0.0017,0.1264,False
uf20-0394.cnf,0.5594,0.0143,0.0018,0.1823,False
uf20-0395.cnf,0.8351,0.0256,0.0016,0.0766,True
uf20-0396.cnf,0.6679,0.0179,0.0017,0.1403,False
uf20-0397.cnf,0.7033,0.0204,0.0017,0.1272,False
uf20-0398.cnf,0.7089,0.0195,0.0017,0.1246,False
uf20-0399.cnf,0.7484,0.0203,0.0017,0.1091,False
uf20-04.cnf,0.6779,0.0189,0.0017,0.1367,False
uf20-040.cnf,0.7107,0.0178,0.0017,0.1232,False
uf20-0400.cnf,0.6294,0.0157,0.0017,0.1549,False
uf20-0401.cnf,0.773,0.0189,0.0017,0.0987,False
uf20-0402.cnf,0.5956,0.0161,0.0018,0.1686,False
uf20-0403.cnf,0.6278,0.0164,0.0017,0.1558,False
uf20-0404.cnf,0.6995,0.0176,0.0017,0.1276,False
uf20-0405.cnf,0.8066,0.0228,0.0017,0.0868,True
uf20-0406.cnf,0.7249,0.0205,0.0017,0.1186,False
uf20-0407.cnf,0.6698,0.0181,0.0017,0.1396,False
uf20-0408.cnf,0.7701,0.022,0.0017,0.1011,False
uf20-0409.cnf,0.5243,0.0141,0.0018,0.1963,False
uf20-041.cnf,0.7628,0.0212,0.0017,0.1037,False
uf20-0410.cnf,0.7381,0.0203,0.0017,0.1132,False
uf20-0411.cnf,0.7197,0.0194,0.0017,0.1202,False
uf20-0412.cnf,0.6979,0.0196,0.0017,0.1291,False
uf20-0413.cnf,0.6722,0.0148,0.0017,0.1374,False
uf20-0414.cnf,0.6532,0.0186,0.0017,0.1465,False
uf20-0415.cnf,0.5624,0.0148,0.0018,0.1813,False
uf20-0416.cnf,0.7793,0.0205,0.0017,0.0968,False
uf20-0417.cnf,0.7903,0.0207,0.0017,0.0925,False
uf20-0418.cnf,0.7353,0.0194,0.0017,0.114,False
uf20-0419.cnf,0.6262,0.0154,0.0017,0.156,False
uf20-042.cnf,0.6289,0.0191,0.0017,0.1564,False
uf20-0420.cnf,0.5983,0.0167,0.0018,0.1677,False
uf20-0421.cnf,0.8008,0.0224,0.0017,0.089,True
uf20-0422.cnf,0.6226,0.0162,0.0017,0.1578,False
uf20-0423.cnf,0.6476,0.0178,0.0017,0.1484,False
uf20-0424.cnf,0.5685,0.0146,0.0018,0.1788,False
uf20-0425.cnf,0.6966,0.019,0.0017,0.1293,False
uf20-0426.cnf,0.628,0.0176,0.0017,0.1562,False
uf20-0427.cnf,0.6514,0.016,0.0017,0.1462,False
uf20-0428.cnf,0.615,0.0152,0.0017,0.1604,False
uf20-0429.cnf,0.6824,0.0185,0.0017,0.1348,False
uf20-043.cnf,0.7427,0.0214,0.0017,0.1118,False
uf20-0430.cnf,0.6756,0.0174,0.0017,0.1371,False
uf20-0431.cnf,0.926,0.0258,0.0016,0.0402,True
uf20-0432.cnf,0.6039,0.0159,0.0018,0.1651,False
uf20-0433.cnf,0.5595,0.0142,0.0018,0.1823,False
uf20-0434.cnf,0.7349,0.0208,0.0017,0.1147,False
uf20-0435.cnf,0.6344,0.0176,0.0017,0.1536,False
uf20-0436.cnf,0.6344,0.016,0.0017,0.153,False
uf20-0437.cnf,0.6205,0.0153,0.0017,0.1583,False
uf20-0438.cnf,0.7196,0.0197,0.0017,0.1204,False
uf20-0439.cnf,0.6305,0.0159,0.0017,0.1545,False
uf20-044.cnf,0.6292,0.0163,0.0017,0.1552,False
uf20-0440.cnf,0.658,0.017,0.0017,0.1439,False
uf20-0441.cnf,0.8445,0.0219,0.0016,0.0713,True
uf20-0442.cnf,0.6572,0.0156,0.0017,0.1437,False
uf20-0443.cnf,0.6432,0.0171,0.0017,0.1499,False
uf20-0444.cnf,0.6883,0.0168,0.0017,0.1318,False
uf20-0445.cnf,0.8504,0.0235,0.0016,0.0696,True
uf20-0446.cnf,0.6624,0.0163,0.0017,0.1419,False
uf20-0447.cnf,0.7863,0.0224,0.0017,0.0948,False
uf20-0448.cnf,0.6423,0.0156,0.0017,0.1497,False
uf20-0449.cnf,0.5978,0.0158,0.0018,0.1675,False
uf20-045.cnf,0.6154,0.0164,0.0017,0.1608,False
uf20-0450.cnf,0.8047,0.0191,0.0017,0.0861,True
uf20-0451.cnf,0.7373,0.022,0.0017,0.1142,False
uf20-0452.cnf,0.679,0.0177,0.0017,0.1358,False
uf20-0453.cnf,0.7615,0.0214,0.0017,0.1043,False
uf20-0454.cnf,0.7252,0.0203,0.0017,0.1184,False
uf20-0455.cnf,0.7211,0.0189,0.0017,0.1194,False
uf20-0456.cnf,0.6349,0.0157,0.0017,0.1527,False
uf20-0457.cnf,0.6833,0.017,0.0017,0.1338,False
uf20-0458.cnf,0.6892,0.0191,0.0017,0.1323,False
uf20-0459.cnf,0.6647,0.0179,0.0017,0.1416,False
uf20-046.cnf,0.6899,0.0171,0.0017,0.1312,False
uf20-0460.cnf,0.6036,0.0154,0.0018,0.1651,False
uf20-0461.cnf,0.4967,0.0119,0.0018,0.2064,False
uf20-0462.cnf,0.6033,0.016,0.0017,0.1654,False
uf20-0463.cnf,0.7896,0.0228,0.0017,0.0936,False
uf20-0464.cnf,0.6606,0.0186,0.0017,0.1436,False
uf20-0465.cnf,0.6083,0.0143,0.0017,0.1628,False
uf20-0466.cnf,0.7765,0.0235,0.0017,0.0991,False
uf20-0467.cnf,0.5913,0.0153,0.0018,0.17,False
uf20-0468.cnf,0.7534,0.0199,0.0017,0.107,False
uf20-0469.cnf,0.5722,0.0154,0.0018,0.1776,False
uf20-047.cnf,0.567,0.0137,0.0018,0.179,False
uf20-0470.cnf,0.6611,0.0168,0.0017,0.1426,False
uf20-0471.cnf,0.686,0.019,0.0017,0.1336,False
uf20-0472.cnf,0.6529,0.0173,0.0017,0.1461,False
uf20-0473.cnf,0.8163,0.0238,0.0017,0.0833,True
uf20-0474.cnf,0.6501,0.017,0.0017,0.1471,False
uf20-0475.cnf,0.6511,0.0184,0.0017,0.1473,False
uf20-0476.cnf,0.5149,0.0126,0.0018,0.1995,False
uf20-0477.cnf,0.6981,0.0166,0.0017,0.1278,False
uf20-0478.cnf,0.6727,0.0188,0.0017,0.1388,False
uf20-0479.cnf,0.6485,0.0176,0.0017,0.148,False
uf20-048.cnf,0.6259,0.0159,0.0017,0.1563,False
uf20-0480.cnf,0.8229,0.0216,0.0017,0.0798,True
uf20-0481.cnf,0.6769,0.021,0.0017,0.138,False
uf20-0482.cnf,0.6112,0.0162,0.0017,0.1624,False
uf20-0483.cnf,0.7016,0.0185,0.0017,0.1271,False
uf20-0484.cnf,0.7114,0.0171,0.0017,0.1226,False
uf20-0485.cnf,0.7786,0.0215,0.0017,0.0975,False
uf20-0486.cnf,0.7654,0.0204,0.0017,0.1023,False
uf20-0487.cnf,0.6462,0.0149,0.0017,0.1478,False
uf20-0488.cnf,0.6742,0.0181,0.0017,0.1379,False
uf20-0489.cnf,0.6806,0.0177,0.0017,0.1352,False
uf20-049.cnf,0.6606,0.019,0.0017,0.1437,False
uf20-0490.cnf,0.681,0.0188,0.0017,0.1355,False
uf20-0491.cnf,0.7166,0.0187,0.0017,0.1212,False
uf20-0492.cnf,0.6032,0.0164,0.0018,0.1656,False
uf20-0493.cnf,0.658,0.0182,0.0017,0.1444,False
uf20-0494.cnf,0.7404,0.021,0.0017,0.1126,False
uf20-0495.cnf,0.7399,0.0188,0.0017,0.1119,False
uf20-0496.cnf,0.7308,0.0193,0.0017,0.1157,False
uf20-0497.cnf,0.7355,0.0196,0.0017,0.114,False
uf20-0498.cnf,0.7081,0.0171,0.0017,0.124,False
uf20-0499.cnf,0.7445,0.0218,0.0017,0.1113,False
uf20-05.cnf,0.5751,0.014,0.0018,0.1759,False
uf20-050.cnf,0.6234,0.0164,0.0017,0.1575,False
uf20-0500.cnf,0.7393,0.0212,0.0017,0.1131,False
uf20-0501.cnf,0.6737,0.0168,0.0017,0.1376,False
uf20-0502.cnf,0.6714,0.018,0.0017,0.139,False
uf20-0503.cnf,0.8247,0.0222,0.0017,0.0793,True
uf20-0504.cnf,0.6326,0.0161,0.0017,0.1537,False
uf20-0505.cnf,0.5944,0.0163,0.0018,0.1691,False
uf20-0506.cnf,0.7494,0.0208,0.0017,0.1089,False
uf20-0507.cnf,0.7128,0.0197,0.0017,0.1231,False
uf20-0508.cnf,0.6803,0.0173,0.0017,0.1351,False
uf20-0509.cnf,0.7743,0.0215,0.0017,0.0992,False
uf20-051.cnf,0.6257,0.0171,0.0017,0.1569,False
uf20-0510.cnf,0.629,0.0155,0.0017,0.1549,False
uf20-0511.cnf,0.7399,0.0191,0.0017,0.112,False
uf20-0512.cnf,0.6705,0.0175,0.0017,0.1392,False
uf20-0513.cnf,0.657,0.0182,0.0017,0.1448,False
uf20-0514.cnf,0.6407,0.0182,0.0017,0.1514,False
uf20-0515.cnf,0.6953,0.0183,0.0017,0.1295,False
uf20-0516.cnf,0.5886,0.0147,0.0018,0.1708,False
uf20-0517.cnf,0.6249,0.0161,0.0017,0.1568,False
uf20-0518.cnf,0.5576,0.0143,0.0018,0.183,False
uf20-0519.cnf,0.5753,0.0139,0.0018,0.1758,False
uf20-052.cnf,0.6415,0.0156,0.0017,0.15,False
uf20-0520.cnf,0.7403,0.0189,0.0017,0.1118,False
uf20-0521.cnf,0.5882,0.0156,0.0018,0.1713,False
uf20-0522.cnf,0.7612,0.0194,0.0017,0.1036,False
uf20-0523.cnf,0.5688,0.0159,0.0018,0.1792,False
uf20-0524.cnf,0.6061,0.0158,0.0018,0.1643,False
uf20-0525.cnf,0.7448,0.0215,0.0017,0.111,False
uf20-0526.cnf,0.621,0.0169,0.0017,0.1587,False
uf20-0527.cnf,0.7465,0.0194,0.0017,0.1095,False
uf20-0528.cnf,0.6292,0.0146,0.0017,0.1545,False
uf20-0529.cnf,0.6241,0.0163,0.0017,0.1572,False
uf20-053.cnf,0.7057,0.019,0.0017,0.1257,False
uf20-0530.cnf,0.7371,0.0209,0.0017,0.1139,False
uf20-0531.cnf,0.6257,0.0157,0.0017,0.1564,False
uf20-0532.cnf,0.7349,0.0197,0.0017,0.1143,False
uf20-0533.cnf,0.7685,0.0188,0.0017,0.1005,False
uf20-0534.cnf,0.6487,0.0172,0.0017,0.1478,False
uf20-0535.cnf,0.7459,0.0206,0.0017,0.1102,False
uf20-0536.cnf,0.6863,0.0185,0.0017,0.1332,False
uf20-0537.cnf,0.6635,0.0168,0.0017,0.1417,False
uf20-0538.cnf,0.785,0.0229,0.0017,0.0955,False
uf20-0539.cnf,0.61,0.0148,0.0017,0.1623,False
uf20-054.cnf,0.7098,0.0196,0.0017,0.1243,False
uf20-0540.cnf,0.575,0.0143,0.0018,0.1761,False
uf20-0541.cnf,0.7456,0.0191,0.0017,0.1097,False
uf20-0542.cnf,0.5435,0.0156,0.0018,0.1892,False
uf20-0543.cnf,0.738,0.0202,0.0017,0.1132,False
uf20-0544.cnf,0.8473,0.0213,0.0016,0.0699,True
uf20-0545.cnf,0.65,0.0175,0.0017,0.1473,False
uf20-0546.cnf,0.7777,0.0204,0.0017,0.0974,False
uf20-0547.cnf,0.6096,0.0158,0.0017,0.1628,False
uf20-0548.cnf,0.6499,0.0176,0.0017,0.1474,False
uf20-0549.cnf,0.8,0.0251,0.0017,0.0904,True
uf20-055.cnf,0.6356,0.0168,0.0017,0.1528,False
uf20-0550.cnf,0.6325,0.0179,0.0017,0.1545,False
uf20-0551.cnf,0.6566,0.0164,0.0017,0.1442,False
uf20-0552.cnf,0.6625,0.0192,0.0017,0.1431,False
uf20-0553.cnf,0.6411,0.0176,0.0017,0.1509,False
uf20-0554.cnf,0.8174,0.0256,0.0017,0.0836,True
uf20-0555.cnf,0.7233,0.017,0.0017,0.1178,False
uf20-0556.cnf,0.7298,0.0199,0.0017,0.1164,False
uf20-0557.cnf,0.7163,0.0189,0.0017,0.1214,False
uf20-0558.cnf,0.6613,0.017,0.0017,0.1426,False
uf20-0559.cnf,0.7447,0.0215,0.0017,0.111,False
uf20-056.cnf,0.6765,0.0193,0.0017,0.1374,False
uf20-0560.cnf,0.6735,0.0177,0.0017,0.138,False
uf20-0561.cnf,0.7297,0.0194,0.0017,0.1162,False
uf20-0562.cnf,0.5835,0.0158,0.0018,0.1733,False
uf20-0563.cnf,0.7708,0.0226,0.0017,0.1011,False
uf20-0564.cnf,0.7265,0.0204,0.0017,0.1179,False
uf20-0565.cnf,0.7258,0.019,0.0017,0.1176,False
uf20-0566.cnf,0.681,0.0198,0.0017,0.1359,False
uf20-0567.cnf,0.8399,0.024,0.0016,0.074,True
uf20-0568.cnf,0.7191,0.0209,0.0017,0.121,False
uf20-0569.cnf,0.572,0.0145,0.0018,0.1774,False
uf20-057.cnf,0.6506,0.0176,0.0017,0.1472,False
uf20-0570.cnf,0.6908,0.0187,0.0017,0.1315,False
uf20-0571.cnf,0.6698,0.0161,0.0017,0.1389,False
uf20-0572.cnf,0.708,0.0181,0.0017,0.1244,False
uf20-0573.cnf,0.7622,0.0208,0.0017,0.1038,False
uf20-0574.cnf,0.6888,0.0185,0.0017,0.1322,False
uf20-0575.cnf,0.7295,0.0218,0.0017,0.1173,False
uf20-0576.cnf,0.7322,0.0202,0.0017,0.1155,False
uf20-0577.cnf,0.638,0.0186,0.0017,0.1526,False
uf20-0578.cnf,0.5724,0.0139,0.0018,0.177,False
uf20-0579.cnf,0.6688,0.016,0.0017,0.1392,False
uf20-058.cnf,0.8775,0.0248,0.0016,0.0592,True
uf20-0580.cnf,0.6448,0.0173,0.0017,0.1493,False
uf20-0581.cnf,0.7327,0.0188,0.0017,0.1148,False
uf20-0582.cnf,0.6199,0.0164,0.0017,0.1589,False
uf20-0583.cnf,0.7376,0.0196,0.0017,0.1131,False
uf20-0584.cnf,0.6007,0.0161,0.0018,0.1665,False
uf20-0585.cnf,0.6966,0.0173,0.0017,0.1286,False
uf20-0586.cnf,0.759,0.022,0.0017,0.1055,False
uf20-0587.cnf,0.7003,0.0207,0.0017,0.1285,False
uf20-0588.cnf,0.7602,0.022,0.0017,0.1051,False
uf20-0589.cnf,0.6853,0.0177,0.0017,0.1333,False
uf20-059.cnf,0.6424,0.0156,0.0017,0.1496,False
uf20-0590.cnf,0.6392,0.02,0.0017,0.1527,False
uf20-0591.cnf,0.5707,0.0145,0.0018,0.1779,False
uf20-0592.cnf,0.5753,0.0147,0.0018,0.1761,False
uf20-0593.cnf,0.6434,0.0178,0.0017,0.1501,False
uf20-0594.cnf,0.6878,0.0166,0.0017,0.1318,False
uf20-0595.cnf,0.6435,0.0183,0.0017,0.1503,False
uf20-0596.cnf,0.6509,0.0161,0.0017,0.1464,False
uf20-0597.cnf,0.6994,0.0178,0.0017,0.1277,False
uf20-0598.cnf,0.6177,0.0156,0.0017,0.1595,False
uf20-0599.cnf,0.6959,0.0182,0.0017,0.1293,False
uf20-06.cnf,0.5331,0.0137,0.0018,0.1926,False
uf20-060.cnf,0.6485,0.0153,0.0017,0.147,False
uf20-0600.cnf,0.6438,0.0174,0.0017,0.1498,False
uf20-0601.cnf,0.6433,0.0176,0.0017,0.15,False
uf20-0602.cnf,0.6636,0.0179,0.0017,0.1421,False
uf20-0603.cnf,0.6032,0.0154,0.0017,0.1652,False
uf20-0604.cnf,0.7906,0.0217,0.0017,0.0928,False
uf20-0605.cnf,0.6447,0.0163,0.0017,0.149,False
uf20-0606.cnf,0.5578,0.0135,0.0018,0.1826,False
uf20-0607.cnf,0.7126,0.017,0.0017,0.1221,False
uf20-0608.cnf,0.7784,0.0229,0.0017,0.0982,False
uf20-0609.cnf,0.6387,0.0194,0.0017,0.1526,False
uf20-061.cnf,0.6399,0.0165,0.0017,0.151,False
uf20-0610.cnf,0.5351,0.0133,0.0018,0.1916,False
uf20-0611.cnf,0.563,0.0146,0.0018,0.181,False
uf20-0612.cnf,0.7106,0.0199,0.0017,0.1241,False
uf20-0613.cnf,0.6405,0.0169,0.0017,0.1509,False
uf20-0614.cnf,0.6493,0.018,0.0017,0.1478,False
uf20-0615.cnf,0.6701,0.019,0.0017,0.1399,False
uf20-0616.cnf,0.5229,0.0141,0.0018,0.1968,False
uf20-0617.cnf,0.7077,0.0171,0.0017,0.1241,False
uf20-0618.cnf,0.5279,0.0136,0.0018,0.1946,False
uf20-0619.cnf,0.8058,0.0192,0.0017,0.0857,True
uf20-062.cnf,0.7332,0.018,0.0017,0.1143,False
uf20-0620.cnf,0.8733,0.0239,0.0016,0.0606,True
uf20-0621.cnf,0.6175,0.0159,0.0017,0.1597,False
uf20-0622.cnf,0.6186,0.0167,0.0017,0.1596,False
uf20-0623.cnf,0.6144,0.0155,0.0017,0.1608,False
uf20-0624.cnf,0.5938,0.0147,0.0018,0.1687,False
uf20-0625.cnf,0.6198,0.0153,0.0017,0.1585,False
uf20-0626.cnf,0.671,0.0177,0.0017,0.139,False
uf20-0627.cnf,0.7727,0.0215,0.0017,0.0998,False
uf20-0628.cnf,0.7148,0.0185,0.0017,0.1218,False
uf20-0629.cnf,0.6793,0.0175,0.0017,0.1356,False
uf20-063.cnf,0.6598,0.0187,0.0017,0.1439,False
uf20-0630.cnf,0.6234,0.0171,0.0017,0.1578,False
uf20-0631.cnf,0.6676,0.0191,0.0017,0.141,False
uf20-0632.cnf,0.5926,0.0159,0.0018,0.1697,False
uf20-0633.cnf,0.7816,0.022,0.0017,0.0965,False
uf20-0634.cnf,0.7735,0.0194,0.0017,0.0987,False
uf20-0635.cnf,0.6977,0.0179,0.0017,0.1284,False
uf20-0636.cnf,0.7266,0.0199,0.0017,0.1176,False
uf20-0637.cnf,0.657,0.0144,0.0017,0.1433,False
uf20-0638.cnf,0.5639,0.0145,0.0018,0.1806,False
uf20-0639.cnf,0.6236,0.0156,0.0017,0.1571,False
uf20-064.cnf,0.7221,0.0188,0.0017,0.119,False
uf20-0640.cnf,0.793,0.0223,0.0017,0.092,False
uf20-0641.cnf,0.6576,0.0191,0.0017,0.145,False
uf20-0642.cnf,0.6562,0.0184,0.0017,0.1452,False
uf20-0643.cnf,0.7483,0.0227,0.0017,0.1101,False
uf20-0644.cnf,0.7507,0.0192,0.0017,0.1077,False
uf20-0645.cnf,0.6867,0.0188,0.0017,0.1332,False
uf20-0646.cnf,0.618,0.0161,0.0017,0.1596,False
uf20-0647.cnf,0.6682,0.0192,0.0017,0.1408,False
uf20-0648.cnf,0.7031,0.0184,0.0017,0.1264,False
uf20-0649.cnf,0.7176,0.0189,0.0017,0.1209,False
uf20-065.cnf,0.5694,0.0156,0.0018,0.1788,False
uf20-0650.cnf,0.6818,0.0183,0.0017,0.1349,False
uf20-0651.cnf,0.7593,0.0198,0.0017,0.1045,False
uf20-0652.cnf,0.6585,0.0179,0.0017,0.1441,False
uf20-0653.cnf,0.737,0.0202,0.0017,0.1136,False
uf20-0654.cnf,0.6747,0.0173,0.0017,0.1374,False
uf20-0655.cnf,0.6305,0.0178,0.0017,0.1553,False
uf20-0656.cnf,0.7061,0.02,0.0017,0.1259,False
uf20-0657.cnf,0.5935,0.0157,0.0018,0.1692,False
uf20-0658.cnf,0.6066,0.0191,0.0017,0.1654,False
uf20-0659.cnf,0.6794,0.0174,0.0017,0.1355,False
uf20-066.cnf,0.6209,0.0185,0.0017,0.1594,False
uf20-0660.cnf,0.6373,0.0176,0.0017,0.1525,False
uf20-0661.cnf,0.5792,0.016,0.0018,0.1751,False
uf20-0662.cnf,0.7675,0.0184,0.0017,0.1007,False
uf20-0663.cnf,0.7025,0.0196,0.0017,0.1272,False
uf20-0664.cnf,0.6125,0.0146,0.0017,0.1612,False
uf20-0665.cnf,0.6585,0.0191,0.0017,0.1446,False
uf20-0666.cnf,0.6409,0.0164,0.0017,0.1506,False
uf20-0667.cnf,0.6945,0.0201,0.0017,0.1306,False
uf20-0668.cnf,0.6186,0.0153,0.0017,0.159,False
uf20-0669.cnf,0.698,0.02,0.0017,0.1291,False
uf20-067.cnf,0.8458,0.0244,0.0016,0.0718,True
uf20-0670.cnf,0.5958,0.0163,0.0018,0.1686,False
uf20-0671.cnf,0.7707,0.0215,0.0017,0.1006,False
uf20-0672.cnf,0.6679,0.0176,0.0017,0.1402,False
uf20-0673.cnf,0.6848,0.0189,0.0017,0.134,False
uf20-0674.cnf,0.6977,0.0183,0.0017,0.1286,False
uf20-0675.cnf,0.6557,0.014,0.0017,0.1437,False
uf20-0676.cnf,0.7865,0.0233,0.0017,0.095,False
uf20-0677.cnf,0.6956,0.0175,0.0017,0.1291,False
uf20-0678.cnf,0.6735,0.0178,0.0017,0.1381,False
uf20-0679.cnf,0.6386,0.0159,0.0017,0.1513,False
uf20-068.cnf,0.6523,0.0179,0.0017,0.1466,False
uf20-0680.cnf,0.627,0.0153,0.0017,0.1557,False
uf20-0681.cnf,0.6832,0.0198,0.0017,0.135,False
uf20-0682.cnf,0.6422,0.0195,0.0017,0.1513,False
uf20-0683.cnf,0.6412,0.0177,0.0017,0.1509,False
uf20-0684.cnf,0.6543,0.0174,0.0017,0.1456,False
uf20-0685.cnf,0.7077,0.0164,0.0017,0.1238,False
uf20-0686.cnf,0.656,0.0171,0.0017,0.1448,False
uf20-0687.cnf,0.6248,0.0163,0.0017,0.1569,False
uf20-0688.cnf,0.6838,0.0161,0.0017,0.1333,False
uf20-0689.cnf,0.6578,0.0189,0.0017,0.1448,False
uf20-069.cnf,0.5774,0.014,0.0018,0.175,False
uf20-0690.cnf,0.6551,0.0162,0.0017,0.1448,False
uf20-0691.cnf,0.5603,0.0128,0.0018,0.1814,False
uf20-0692.cnf,0.6703,0.0171,0.0017,0.139,False
uf20-0693.cnf,0.5728,0.017,0.0018,0.178,False
uf20-0694.cnf,0.7791,0.0211,0.0017,0.0971,False
uf20-0695.cnf,0.7019,0.0176,0.0017,0.1266,False
uf20-0696.cnf,0.5865,0.013,0.0018,0.1709,False
uf20-0697.cnf,0.6969,0.0197,0.0017,0.1295,False
uf20-0698.cnf,0.6851,0.0179,0.0017,0.1334,False
uf20-0699.cnf,0.6537,0.0188,0.0017,0.1464,False
uf20-07.cnf,0.7629,0.019,0.0017,0.1028,False
uf20-070.cnf,0.7371,0.0208,0.0017,0.1138,False
uf20-0700.cnf,0.5799,0.0158,0.0018,0.1747,False
uf20-0701.cnf,0.6441,0.0181,0.0017,0.15,False
uf20-0702.cnf,0.6483,0.0191,0.0017,0.1487,False
uf20-0703.cnf,0.7127,0.0209,0.0017,0.1236,False
uf20-0704.cnf,0.6796,0.017,0.0017,0.1353,False
uf20-0705.cnf,0.6192,0.0153,0.0017,0.1588,False
uf20-0706.cnf,0.7275,0.0191,0.0017,0.117,False
uf20-0707.cnf,0.6734,0.0178,0.0017,0.1381,False
uf20-0708.cnf,0.7584,0.0202,0.0017,0.1051,False
uf20-0709.cnf,0.6661,0.0162,0.0017,0.1404,False
uf20-071.cnf,0.6505,0.0171,0.0017,0.147,False
uf20-0710.cnf,0.6462,0.0157,0.0017,0.1482,False
uf20-0711.cnf,0.7171,0.0182,0.0017,0.1208,False
uf20-0712.cnf,0.5741,0.0145,0.0018,0.1765,False
uf20-0713.cnf,0.8696,0.0252,0.0016,0.0626,True
uf20-0714.cnf,0.6769,0.0181,0.0017,0.1368,False
uf20-0715.cnf,0.56,0.0148,0.0018,0.1823,False
uf20-0716.cnf,0.6009,0.0167,0.0018,0.1666,False
uf20-0717.cnf,0.6181,0.0167,0.0017,0.1598,False
uf20-0718.cnf,0.567,0.0158,0.0018,0.1799,False
uf20-0719.cnf,0.6696,0.016,0.0017,0.1389,False
uf20-072.cnf,0.6662,0.0181,0.0017,0.1411,False
uf20-0720.cnf,0.7433,0.0193,0.0017,0.1107,False
uf20-0721.cnf,0.629,0.0178,0.0017,0.1559,False
uf20-0722.cnf,0.6193,0.0152,0.0017,0.1587,False
uf20-0723.cnf,0.5914,0.0166,0.0018,0.1704,False
uf20-0724.cnf,0.7519,0.0201,0.0017,0.1076,False
uf20-0725.cnf,0.725,0.0177,0.0017,0.1174,False
uf20-0726.cnf,0.5406,0.0147,0.0018,0.19,False
uf20-0727.cnf,0.7583,0.0199,0.0017,0.105,False
uf20-0728.cnf,0.6612,0.014,0.0017,0.1415,False
uf20-0729.cnf,0.6249,0.0162,0.0017,0.1569,False
uf20-073.cnf,0.7336,0.0211,0.0017,0.1153,False
uf20-0730.cnf,0.6236,0.0158,0.0017,0.1572,False
uf20-0731.cnf,0.7128,0.0203,0.0017,0.1233,False
uf20-0732.cnf,0.7071,0.0168,0.0017,0.1242,False
uf20-0733.cnf,0.7623,0.0199,0.0017,0.1034,False
uf20-0734.cnf,0.665,0.0189,0.0017,0.1419,False
uf20-0735.cnf,0.597,0.0166,0.0018,0.1682,False
uf20-0736.cnf,0.6644,0.0174,0.0017,0.1415,False
uf20-0737.cnf,0.6507,0.0189,0.0017,0.1476,False
uf20-0738.cnf,0.7192,0.0165,0.0017,0.1193,False
uf20-0739.cnf,0.5941,0.0165,0.0018,0.1693,False
uf20-074.cnf,0.8001,0.0211,0.0017,0.0888,True
uf20-0740.cnf,0.8205,0.0223,0.0017,0.081,True
uf20-0741.cnf,0.7422,0.0195,0.0017,0.1113,False
uf20-0742.cnf,0.6132,0.0164,0.0017,0.1616,False
uf20-0743.cnf,0.6457,0.0165,0.0017,0.1486,False
uf20-0744.cnf,0.6664,0.0182,0.0017,0.1411,False
uf20-0745.cnf,0.6007,0.0163,0.0018,0.1666,False
uf20-0746.cnf,0.664,0.0168,0.0017,0.1414,False
uf20-0747.cnf,0.6432,0.0173,0.0017,0.15,False
uf20-0748.cnf,0.6306,0.0171,0.0017,0.155,False
uf20-0749.cnf,0.6777,0.0186,0.0017,0.1367,False
uf20-075.cnf,0.7233,0.0197,0.0017,0.1189,False
uf20-0750.cnf,0.591,0.0168,0.0018,0.1707,False
uf20-0751.cnf,0.6738,0.019,0.0017,0.1385,False
uf20-0752.cnf,0.6734,0.0191,0.0017,0.1386,False
uf20-0753.cnf,0.6616,0.0158,0.0017,0.142,False
uf20-0754.cnf,0.7441,0.0201,0.0017,0.1107,False
uf20-0755.cnf,0.6314,0.0146,0.0017,0.1536,False
uf20-0756.cnf,0.6488,0.0173,0.0017,0.1477,False
uf20-0757.cnf,0.6592,0.0173,0.0017,0.1436,False
uf20-0758.cnf,0.6844,0.02,0.0017,0.1346,False
uf20-0759.cnf,0.6465,0.0181,0.0017,0.149,False
uf20-076.cnf,0.6292,0.0157,0.0017,0.155,False
uf20-0760.cnf,0.6425,0.0173,0.0017,0.1503,False
uf20-0761.cnf,0.6659,0.0183,0.0017,0.1413,False
uf20-0762.cnf,0.7096,0.0195,0.0017,0.1243,False
uf20-0763.cnf,0.6499,0.0169,0.0017,0.1471,False
uf20-0764.cnf,0.5907,0.0152,0.0018,0.1702,False
uf20-0765.cnf,0.6228,0.0156,0.0017,0.1575,False
uf20-0766.cnf,0.6641,0.0159,0.0017,0.141,False
uf20-0767.cnf,0.7652,0.0203,0.0017,0.1024,False
uf20-0768.cnf,0.7147,0.0188,0.0017,0.122,False
uf20-0769.cnf,0.8349,0.022,0.0016,0.0752,True
uf20-077.cnf,0.6705,0.0163,0.0017,0.1387,False
uf20-0770.cnf,0.7535,0.0208,0.0017,0.1073,False
uf20-0771.cnf,0.6522,0.0192,0.0017,0.1472,False
uf20-0772.cnf,0.695,0.0203,0.0017,0.1305,False
uf20-0773.cnf,0.6437,0.0174,0.0017,0.1498,False
uf20-0774.cnf,0.7727,0.0212,0.0017,0.0997,False
uf20-0775.cnf,0.7555,0.02,0.0017,0.1062,False
uf20-0776.cnf,0.86,0.0219,0.0016,0.0651,True
uf20-0777.cnf,0.6007,0.0144,0.0018,0.1658,False
uf20-0778.cnf,0.6167,0.0169,0.0017,0.1604,False
uf20-0779.cnf,0.7321,0.0193,0.0017,0.1152,False
uf20-078.cnf,0.6487,0.0187,0.0017,0.1484,False
uf20-0780.cnf,0.5529,0.0142,0.0018,0.1849,False
uf20-0781.cnf,0.7285,0.0192,0.0017,0.1166,False
uf20-0782.cnf,0.645,0.0171,0.0017,0.1492,False
uf20-0783.cnf,0.7231,0.0191,0.0017,0.1187,False
uf20-0784.cnf,0.7805,0.0212,0.0017,0.0966,False
uf20-0785.cnf,0.6614,0.0173,0.0017,0.1427,False
uf20-0786.cnf,0.7518,0.0216,0.0017,0.1083,False
uf20-0787.cnf,0.9134,0.0238,0.0016,0.0445,True
uf20-0788.cnf,0.8777,0.0224,0.0016,0.0582,True
uf20-0789.cnf,0.5123,0.0137,0.0018,0.2009,False
uf20-079.cnf,0.763,0.0241,0.0017,0.1048,False
uf20-0790.cnf,0.703,0.0174,0.0017,0.1261,False
uf20-0791.cnf,0.6659,0.0182,0.0017,0.1413,False
uf20-0792.cnf,0.7816,0.0222,0.0017,0.0966,False
uf20-0793.cnf,0.6694,0.0181,0.0017,0.1398,False
uf20-0794.cnf,0.6563,0.0196,0.0017,0.1457,False
uf20-0795.cnf,0.726,0.02,0.0017,0.1179,False
uf20-0796.cnf,0.5866,0.0137,0.0018,0.1712,False
uf20-0797.cnf,0.7085,0.0168,0.0017,0.1237,False
uf20-0798.cnf,0.5506,0.0131,0.0018,0.1854,False
uf20-0799.cnf,0.6238,0.0154,0.0017,0.157,False
uf20-08.cnf,0.681,0.0174,0.0017,0.1349,False
uf20-080.cnf,0.7103,0.0189,0.0017,0.1238,False
uf20-0800.cnf,0.5986,0.0165,0.0018,0.1675,False
uf20-0801.cnf,0.6427,0.0175,0.0017,0.1502,False
uf20-0802.cnf,0.7214,0.0195,0.0017,0.1196,False
uf20-0803.cnf,0.6672,0.0181,0.0017,0.1407,False
uf20-0804.cnf,0.8334,0.0219,0.0016,0.0757,True
uf20-0805.cnf,0.6792,0.0178,0.0017,0.1358,False
uf20-0806.cnf,0.5894,0.0162,0.0018,0.1711,False
uf20-0807.cnf,0.7771,0.0198,0.0017,0.0974,False
uf20-0808.cnf,0.6837,0.0157,0.0017,0.1332,False
uf20-0809.cnf,0.662,0.0172,0.0017,0.1424,False
uf20-081.cnf,0.6827,0.0167,0.0017,0.1339,False
uf20-0810.cnf,0.7316,0.0204,0.0017,0.1158,False
uf20-0811.cnf,0.8038,0.0218,0.0017,0.0875,True
uf20-0812.cnf,0.6884,0.0155,0.0017,0.1312,False
uf20-0813.cnf,0.7121,0.0201,0.0017,0.1235,False
uf20-0814.cnf,0.716,0.0193,0.0017,0.1216,False
uf20-0815.cnf,0.6432,0.0167,0.0017,0.1497,False
uf20-0816.cnf,0.6193,0.0169,0.0017,0.1594,False
uf20-0817.cnf,0.6362,0.0169,0.0017,0.1527,False
uf20-0818.cnf,0.651,0.0171,0.0017,0.1468,False
uf20-0819.cnf,0.7345,0.0197,0.0017,0.1144,False
uf20-082.cnf,0.6666,0.0177,0.0017,0.1408,False
uf20-0820.cnf,0.7359,0.021,0.0017,0.1144,False
uf20-0821.cnf,0.695,0.0204,0.0017,0.1305,False
uf20-0822.cnf,0.7008,0.0198,0.0017,0.1279,False
uf20-0823.cnf,0.5821,0.0143,0.0018,0.1733,False
uf20-0824.cnf,0.6535,0.0175,0.0017,0.1459,False
uf20-0825.cnf,0.5997,0.0161,0.0018,0.1669,False
uf20-0826.cnf,0.6171,0.0145,0.0017,0.1593,False
uf20-0827.cnf,0.6796,0.0194,0.0017,0.1363,False
uf20-0828.cnf,0.6971,0.0197,0.0017,0.1294,False
uf20-0829.cnf,0.7671,0.0202,0.0017,0.1016,False
uf20-083.cnf,0.6288,0.0159,0.0017,0.1552,False
uf20-0830.cnf,0.5744,0.0141,0.0018,0.1763,False
uf20-0831.cnf,0.6454,0.0183,0.0017,0.1495,False
uf20-0832.cnf,0.6285,0.0158,0.0017,0.1553,False
uf20-0833.cnf,0.7311,0.0201,0.0017,0.1159,False
uf20-0834.cnf,0.6894,0.0201,0.0017,0.1326,False
uf20-0835.cnf,0.6634,0.0188,0.0017,0.1425,False
uf20-0836.cnf,0.673,0.0179,0.0017,0.1383,False
uf20-0837.cnf,0.6394,0.0171,0.0017,0.1514,False
uf20-0838.cnf,0.641,0.0156,0.0017,0.1502,False
uf20-0839.cnf,0.5802,0.0157,0.0018,0.1745,False
uf20-084.cnf,0.6209,0.0175,0.0017,0.159,False
uf20-0840.cnf,0.6199,0.0181,0.0017,0.1596,False
uf20-0841.cnf,0.7205,0.0194,0.0017,0.1199,False
uf20-0842.cnf,0.8466,0.0232,0.0016,0.071,True
uf20-0843.cnf,0.694,0.017,0.0017,0.1296,False
uf20-0844.cnf,0.6833,0.0174,0.0017,0.134,False
uf20-0845.cnf,0.6504,0.0169,0.0017,0.147,False
uf20-0846.cnf,0.7491,0.0206,0.0017,0.1089,False
uf20-0847.cnf,0.6882,0.0187,0.0017,0.1326,False
uf20-0848.cnf,0.6009,0.0176,0.0018,0.1671,False
uf20-0849.cnf,0.601,0.0148,0.0018,0.1658,False
uf20-085.cnf,0.6732,0.0174,0.0017,0.138,False
uf20-0850.cnf,0.6973,0.018,0.0017,0.1286,False
uf20-0851.cnf,0.6813,0.0186,0.0017,0.1353,False
uf20-0852.cnf,0.7743,0.0206,0.0017,0.0989,False
uf20-0853.cnf,0.6297,0.0171,0.0017,0.1553,False
uf20-0854.cnf,0.7405,0.0213,0.0017,0.1127,False
uf20-0855.cnf,0.671,0.0175,0.0017,0.1389,False
uf20-0856.cnf,0.9938,0.0297,0.0016,0.0147,True
uf20-0857.cnf,0.6223,0.0159,0.0017,0.1578,False
uf20-0858.cnf,0.6865,0.018,0.0017,0.1329,False
uf20-0859.cnf,0.6113,0.0153,0.0017,0.1619,False
uf20-086.cnf,0.6454,0.0168,0.0017,0.1489,False
uf20-0860.cnf,0.7475,0.0189,0.0017,0.1089,False
uf20-0861.cnf,0.6267,0.0178,0.0017,0.1568,False
uf20-0862.cnf,0.6615,0.0185,0.0017,0.1431,False
uf20-0863.cnf,0.7476,0.0204,0.0017,0.1094,False
uf20-0864.cnf,0.635,0.0174,0.0017,0.1533,False
uf20-0865.cnf,0.6463,0.0158,0.0017,0.1482,False
uf20-0866.cnf,0.583,0.0142,0.0018,0.1728,False
uf20-0867.cnf,0.5881,0.0157,0.0018,0.1714,False
uf20-0868.cnf,0.7167,0.0173,0.0017,0.1206,False
uf20-0869.cnf,0.6145,0.0176,0.0017,0.1616,False
uf20-087.cnf,0.6878,0.0184,0.0017,0.1325,False
uf20-0870.cnf,0.7439,0.0195,0.0017,0.1106,False
uf20-0871.cnf,0.7345,0.0197,0.0017,0.1144,False
uf20-0872.cnf,0.6424,0.0193,0.0017,0.1511,False
uf20-0873.cnf,0.6449,0.0158,0.0017,0.1487,False
uf20-0874.cnf,0.6672,0.0168,0.0017,0.1402,False
uf20-0875.cnf,0.6606,0.0174,0.0017,0.1431,False
uf20-0876.cnf,0.6385,0.0174,0.0017,0.1519,False
uf20-0877.cnf,0.6694,0.0183,0.0017,0.1399,False
uf20-0878.cnf,0.7121,0.0207,0.0017,0.1238,False
uf20-0879.cnf,0.7463,0.0209,0.0017,0.1102,False
uf20-088.cnf,0.5611,0.0153,0.0018,0.182,False
uf20-0880.cnf,0.6116,0.0169,0.0017,0.1625,False
uf20-0881.cnf,0.6262,0.0166,0.0017,0.1565,False
uf20-0882.cnf,0.6601,0.0189,0.0017,0.1438,False
uf20-0883.cnf,0.7238,0.0173,0.0017,0.1177,False
uf20-0884.cnf,0.7655,0.0236,0.0017,0.1036,False
uf20-0885.cnf,0.6043,0.0161,0.0017,0.1651,False
uf20-0886.cnf,0.7497,0.0175,0.0017,0.1075,False
uf20-0887.cnf,0.6752,0.0198,0.0017,0.1382,False
uf20-0888.cnf,0.6873,0.0188,0.0017,0.1329,False
uf20-0889.cnf,0.6106,0.0156,0.0017,0.1623,False
uf20-089.cnf,0.7272,0.0198,0.0017,0.1174,False
uf20-0890.cnf,0.6615,0.0161,0.0017,0.1422,False
uf20-0891.cnf,0.7352,0.0202,0.0017,0.1143,False
uf20-0892.cnf,0.5765,0.0155,0.0018,0.1759,False
uf20-0893.cnf,0.5869,0.0154,0.0018,0.1718,False
uf20-0894.cnf,0.733,0.0182,0.0017,0.1144,False
uf20-0895.cnf,0.698,0.0179,0.0017,0.1283,False
uf20-0896.cnf,0.5383,0.0139,0.0018,0.1906,False
uf20-0897.cnf,0.6192,0.0172,0.0017,0.1596,False
uf20-0898.cnf,0.7122,0.02,0.0017,0.1234,False
uf20-0899.cnf,0.7588,0.0204,0.0017,0.105,False
uf20-09.cnf,0.7201,0.0212,0.0017,0.1208,False
uf20-090.cnf,0.778,0.0233,0.0017,0.0985,False
uf20-0900.cnf,0.5984,0.0148,0.0018,0.1669,False
uf20-0901.cnf,0.6507,0.0188,0.0017,0.1476,False
uf20-0902.cnf,0.7427,0.0201,0.0017,0.1113,False
uf20-0903.cnf,0.7244,0.0185,0.0017,0.118,False
uf20-0904.cnf,0.6618,0.0188,0.0017,0.1432,False
uf20-0905.cnf,0.7811,0.0228,0.0017,0.097,False
uf20-0906.cnf,0.7116,0.0184,0.0017,0.1231,False
uf20-0907.cnf,0.6816,0.0181,0.0017,0.1349,False
uf20-0908.cnf,0.5976,0.0151,0.0018,0.1673,False
uf20-0909.cnf,0.6547,0.0173,0.0017,0.1454,False
uf20-091.cnf,0.6472,0.0179,0.0017,0.1486,False
uf20-0910.cnf,0.7833,0.0224,0.0017,0.096,False
uf20-0911.cnf,0.6874,0.0198,0.0017,0.1333,False
uf20-0912.cnf,0.6002,0.0159,0.0018,0.1666,False
uf20-0913.cnf,0.6462,0.0168,0.0017,0.1486,False
uf20-0914.cnf,0.7171,0.0188,0.0017,0.121,False
uf20-0915.cnf,0.6315,0.0157,0.0017,0.154,False
uf20-0916.cnf,0.6722,0.0184,0.0017,0.1388,False
uf20-0917.cnf,0.7636,0.0197,0.0017,0.1028,False
uf20-0918.cnf,0.6302,0.0178,0.0017,0.1554,False
uf20-0919.cnf,0.7151,0.021,0.0017,0.1227,False
uf20-092.cnf,0.8147,0.023,0.0017,0.0836,True
uf20-0920.cnf,0.8059,0.0206,0.0017,0.0862,True
uf20-0921.cnf,0.6585,0.0164,0.0017,0.1435,False
uf20-0922.cnf,0.6394,0.0155,0.0017,0.1508,False
uf20-0923.cnf,0.7913,0.0233,0.0017,0.0931,False
uf20-0924.cnf,0.5411,0.0142,0.0018,0.1896,False
uf20-0925.cnf,0.7154,0.0177,0.0017,0.1213,False
uf20-0926.cnf,0.5791,0.0156,0.0018,0.1749,False
uf20-0927.cnf,0.6224,0.016,0.0017,0.1578,False
uf20-0928.cnf,0.7361,0.0193,0.0017,0.1136,False
uf20-0929.cnf,0.6442,0.0171,0.0017,0.1495,False
uf20-093.cnf,0.7675,0.0218,0.0017,0.102,False
uf20-0930.cnf,0.7403,0.0185,0.0017,0.1116,False
uf20-0931.cnf,0.6463,0.0181,0.0017,0.1491,False
uf20-0932.cnf,0.8136,0.0217,0.0017,0.0836,True
uf20-0933.cnf,0.5917,0.0164,0.0018,0.1702,False
uf20-0934.cnf,0.7576,0.0211,0.0017,0.1057,False
uf20-0935.cnf,0.8671,0.0216,0.0016,0.0621,True
uf20-0936.cnf,0.6108,0.0167,0.0017,0.1627,False
uf20-0937.cnf,0.7299,0.0188,0.0017,0.1159,False
uf20-0938.cnf,0.6947,0.0167,0.0017,0.1291,False
uf20-0939.cnf,0.6821,0.0191,0.0017,0.1351,False
uf20-094.cnf,0.7381,0.0198,0.0017,0.113,False
uf20-0940.cnf,0.8315,0.0228,0.0017,0.0768,True
uf20-0941.cnf,0.5299,0.0152,0.0018,0.1945,False
uf20-0942.cnf,0.6744,0.0185,0.0017,0.138,False
uf20-0943.cnf,0.6919,0.0181,0.0017,0.1308,False
uf20-0944.cnf,0.8875,0.0258,0.0016,0.0557,True
uf20-0945.cnf,0.5846,0.0149,0.0018,0.1725,False
uf20-0946.cnf,0.6715,0.0169,0.0017,0.1385,False
uf20-0947.cnf,0.6333,0.0155,0.0017,0.1532,False
uf20-0948.cnf,0.689,0.0169,0.0017,0.1315,False
uf20-0949.cnf,0.6131,0.0163,0.0017,0.1616,False
uf20-095.cnf,0.6503,0.0162,0.0017,0.1467,False
uf20-0950.cnf,0.6194,0.0148,0.0017,0.1585,False
uf20-0951.cnf,0.667,0.0168,0.0017,0.1402,False
uf20-0952.cnf,0.7094,0.0189,0.0017,0.1241,False
uf20-0953.cnf,0.7787,0.0213,0.0017,0.0974,False
uf20-0954.cnf,0.5654,0.0151,0.0018,0.1802,False
uf20-0955.cnf,0.7334,0.0189,0.0017,0.1145,False
uf20-0956.cnf,0.6506,0.0178,0.0017,0.1472,False
uf20-0957.cnf,0.618,0.0155,0.0017,0.1593,False
uf20-0958.cnf,0.6249,0.0164,0.0017,0.1569,False
uf20-0959.cnf,0.7356,0.0204,0.0017,0.1143,False
uf20-096.cnf,0.5698,0.015,0.0018,0.1785,False
uf20-0960.cnf,0.6283,0.0161,0.0017,0.1555,False
uf20-0961.cnf,0.5397,0.0132,0.0018,0.1897,False
uf20-0962.cnf,0.5965,0.0157,0.0018,0.168,False
uf20-0963.cnf,0.6586,0.0166,0.0017,0.1435,False
uf20-0964.cnf,0.6166,0.0162,0.0017,0.1602,False
uf20-0965.cnf,0.8324,0.021,0.0016,0.0758,True
uf20-0966.cnf,0.6215,0.0163,0.0017,0.1583,False
uf20-0967.cnf,0.6708,0.0168,0.0017,0.1388,False
uf20-0968.cnf,0.593,0.017,0.0018,0.1699,False
uf20-0969.cnf,0.679,0.0191,0.0017,0.1364,False
uf20-097.cnf,0.6174,0.0147,0.0017,0.1593,False
uf20-0970.cnf,0.6304,0.0167,0.0017,0.1549,False
uf20-0971.cnf,0.5675,0.0135,0.0018,0.1787,False
uf20-0972.cnf,0.7282,0.0195,0.0017,0.1169,False
uf20-0973.cnf,0.6872,0.0202,0.0017,0.1335,False
uf20-0974.cnf,0.5351,0.0121,0.0018,0.1912,False
uf20-0975.cnf,0.7437,0.0199,0.0017,0.1108,False
uf20-0976.cnf,0.5861,0.0148,0.0018,0.1718,False
uf20-0977.cnf,0.7253,0.0193,0.0017,0.1179,False
uf20-0978.cnf,0.6571,0.0175,0.0017,0.1445,False
uf20-0979.cnf,0.6592,0.0169,0.0017,0.1434,False
uf20-098.cnf,0.7777,0.0203,0.0017,0.0974,False
uf20-0980.cnf,0.6002,0.015,0.0018,0.1663,False
uf20-0981.cnf,0.635,0.017,0.0017,0.1532,False
uf20-0982.cnf,0.5037,0.0122,0.0018,0.2038,False
uf20-0983.cnf,0.7358,0.0228,0.0017,0.1152,False
uf20-0984.cnf,0.6541,0.0172,0.0017,0.1456,False
uf20-0985.cnf,0.7241,0.0204,0.0017,0.1189,False
uf20-0986.cnf,0.7372,0.0188,0.0017,0.113,False
uf20-0987.cnf,0.6285,0.0158,0.0017,0.1553,False
uf20-0988.cnf,0.6811,0.0172,0.0017,0.1348,False
uf20-0989.cnf,0.6381,0.0182,0.0017,0.1524,False
uf20-099.cnf,0.6937,0.0169,0.0017,0.1296,False
uf20-0990.cnf,0.7118,0.0193,0.0017,0.1234,False
uf20-0991.cnf,0.678,0.0182,0.0017,0.1364,False
uf20-0992.cnf,0.5968,0.0147,0.0018,0.1675,False
uf20-0993.cnf,0.548,0.0141,0.0018,0.1868,False
uf20-0994.cnf,0.6706,0.0175,0.0017,0.1391,False
uf20-0995.cnf,0.7201,0.0196,0.0017,0.1201,False
uf20-0996.cnf,0.7059,0.0176,0.0017,0.125,False
uf20-0997.cnf,0.6512,0.018,0.0017,0.1471,False
uf20-0998.cnf,0.758,0.0221,0.0017,0.106,False
uf20-0999.cnf,0.5948,0.0179,0.0018,0.1696,False
